url,locs
"https://github.com/ibm/plex.git",11749
"https://github.com/mxflutter/mxflutter.git",17996
"https://github.com/startbootstrap/startbootstrap-clean-blog.git",3396
"https://github.com/startbootstrap/startbootstrap-grayscale.git",3100
"https://github.com/tlbootcamp/tlroadmap.git",477
"https://github.com/3521woj/inori-bot.git",731902
"https://github.com/absolute-music/dblcore.js.git",654
"https://github.com/akclassic/crudmvc.git",68035
"https://github.com/amarpr/tugas_29_css.git",73642
"https://github.com/andrebit/ormbenchmark.git",8539
"https://github.com/ankitkumarr/adventofcodesolutions.git",526
"https://github.com/anushahiremath/user-job-application.git",15544
"https://github.com/arnaucube/coffeeminer.git",88
"https://github.com/arslan0510/node-api.git",1895
"https://github.com/artish1/yappapi.git",1654
"https://github.com/as5908/next-basic.git",96270
"https://github.com/ashikka/drumkit.git",110
"https://github.com/asunqingwen/meiduo.git",10638
"https://github.com/avdhesh03/vidly-movie-list-app-.git",475088
"https://github.com/backfood/-js-.git",13
"https://github.com/beryjay/account.git",62
"https://github.com/bhattcharyacodes/tr.git",327788
"https://github.com/bkrajinovic/react-table-app.git",15073
"https://github.com/bobzz-zone/documentmanager.git",1024
"https://github.com/bognole/doombot.git",192
"https://github.com/bvrsilva1/cropping_react-native.git",8776
"https://github.com/bydamar/firstportfolio.git",11834
"https://github.com/celesteyoung/birthday.git",600
"https://github.com/chenyangliuuu/wow2.git",387850
"https://github.com/chrisft25/whatsapp_twilio.git",888
"https://github.com/codekissvarna/controlpanel.git",674
"https://github.com/cudek/pegaz-user-friendly.git",148
"https://github.com/cyzcyzz/image_sync.git",704
"https://github.com/dallmoon/scriptsword.git",561
"https://github.com/dbd-random-perk/dbd-random-perk.github.io.git",483
"https://github.com/debz9/excise_department.git",1994
"https://github.com/derzyklop/angular.git",43577
"https://github.com/diiegosa/gostack-desafio-conceitos-react-native.git",843
"https://github.com/dkurzmann/coding-dojo.git",8625
"https://github.com/doudoufans/antddemo.git",509
"https://github.com/dsharath/identify-fraud-from-enron-email.git",588
"https://github.com/durbs664/quarantine.git",265494
"https://github.com/eliasj42/ui_demo_project.git",599
"https://github.com/elonlegan/paintleon.git",125
"https://github.com/encubedlabs/blogtemplate.git",20670
"https://github.com/facebookresearch/fadernetworks.git",1794
"https://github.com/facebookresearch/moco.git",1216
"https://github.com/federico-taborda/polygon-laps.git",204
"https://github.com/femelo22/jogodacobrinha.git",202
"https://github.com/foolwood/dasiamrpn.git",918
"https://github.com/footasker/foodtaskerapp.git",849
"https://github.com/fossasia/x-mario-center.git",95389
"https://github.com/francososa/glitchell.git",79
"https://github.com/frfahim/twitter-analyst.git",1082
"https://github.com/gargchirag/balloon-pop.git",173
"https://github.com/sudo-hemant/quizappreact.git",15535
"https://github.com/genesisyeshua/pup-dbms-m3-2.git",154
"https://github.com/gerywahyunugraha/bit-interview-prep.git",154
"https://github.com/gul-e-hasnain/js-assignment.git",833
"https://github.com/gustavocunhalacerda/estruturadedadospython.git",290
"https://github.com/halasa24/ptsgenapprod.git",409
"https://github.com/hardboyyy/chat-app.git",16400
"https://github.com/hdtyler/multi-docker.git",623
"https://github.com/hemakumarreddy/phantomjs-node.git",17996
"https://github.com/higor369/calculadora-react.git",14307
"https://github.com/hlp-pls/face-api-recordsound-capture.git",18720
"https://github.com/hoanthptvn/shopping.git",36891
"https://github.com/humayunirshad692727hl/ems.git",1435
"https://github.com/ibrahimkholil6210/chap-app-socket-io.git",807
"https://github.com/iridiumsoft/crypto-python.git",1821
"https://github.com/ironman12345678/pro-c24.git",75
"https://github.com/jerryliu12/cs185-nonreact.git",16283
"https://github.com/jiangyouxin/gae_uploader.git",38181
"https://github.com/joaquinbeceiro/node-api-basic-architecture.git",4922
"https://github.com/jorgegallegosms/tenor-search.git",649
"https://github.com/juliagr75/caviss.git",12024
"https://github.com/kevyntaylor/projectapp.git",10044
"https://github.com/jwilld/node-weather-app.git",679
"https://github.com/jzecca/color-curve-adjust.git",5293
"https://github.com/kaikkitietokoneista/searx-api.git",70
"https://github.com/kaweesa01/dom-array.git",117
"https://github.com/kbrln/pi-opencv.git",1150
"https://github.com/kjschwoerke/sql_react_practice.git",121057
"https://github.com/kkvanonymous/typing-speed-tester.git",93
"https://github.com/kokabaskary/seleniumpythonframework.git",301446
"https://github.com/kowaine/nonechat.git",1032
"https://github.com/kunlejelili/real.covid-19-estimator.git",338
"https://github.com/lamarmarshall/date-rest.git",212054
"https://github.com/learn-co-students/js-advanced-functions-generalized-map-and-reduce-lab-online-web-pt-090919.git",1980
"https://github.com/leonmanrolls/babylonjs-experiments.git",81
"https://github.com/linkstrifer/make-it-real-todo-test.git",384
"https://github.com/luigi-fontana/js-jq-ajax-grigliaquad.git",47
"https://github.com/luongcaoduc/task-manager.git",3583
"https://github.com/mama00/airdurms.git",351
"https://github.com/manojlcode1985/alien-invasion-game.git",549
"https://github.com/matgomes/scheduler_problem.git",364
"https://github.com/matthewgao/f5-steganography.git",3217
"https://github.com/megvii-nanjing/ml-gcn.git",1393
"https://github.com/mike-r-carey/flask-template.git",99
"https://github.com/momentum-team-1/js-problem-set-2-aaron-1453.git",244
"https://github.com/mongo-go/testdb.git",332
"https://github.com/mrpossoms/solos.git",231
"https://github.com/n3tpil0s/databases2.git",1235
"https://github.com/nadelladwi/siperpus.git",69514
"https://github.com/nalbarr/hello-rasa-nlp-py.git",133
"https://github.com/nccgroup/demiguise.git",203
"https://github.com/negokaz/.atom.git",183700
"https://github.com/neolp/itmplinkserverwsjs.git",167
"https://github.com/neuroradiology/insiderecaptcha.git",988
"https://github.com/nikitazirko/bug.git",32507
"https://github.com/nimadorostkar/img-size.git",22
"https://github.com/ninaprins/actuarialpensionfundvaluation.git",223
"https://github.com/nitely/python-signals.git",93
"https://github.com/nks-saini/restaurant.git",16397
"https://github.com/nncl/viro-sample.git",726
"https://github.com/nyancodeid/cat-galleries.git",9270
"https://github.com/openai/image-gpt.git",539
"https://github.com/osmancalisir/memorygame.git",125
"https://github.com/paragkavar/imagecombine.git",152
"https://github.com/paudel7/ml-project.git",34
"https://github.com/paulaguilar01/supportmebackend.git",955
"https://github.com/piyushsk1996/demo_django_dash.git",3698878
"https://github.com/pkkim/rd.git",2143
"https://github.com/prashan9775/crud.git",19046
"https://github.com/proplex/projecttox-userdirectory.git",338
"https://github.com/pwnall/chromeview.git",34935
"https://github.com/quentinbay/configboobank.git",244
"https://github.com/redspectrum/demo_blog.git",1063
"https://github.com/rehkitzdev/input.git",391
"https://github.com/remirigal/jessymkdocs.git",46
"https://github.com/renatotiago/front-remanejamento.git",14917
"https://github.com/rionaldobagi/react-people.git",15611
"https://github.com/rrojas88/redux-contenedor-logico.git",16346
"https://github.com/rrstal/dsnd-twitter-disaster-response.git",470
"https://github.com/saiashish9/expomealsapp.git",1305
"https://github.com/sanket0896/dsa-practice.git",14182
"https://github.com/satrat/resume-parser.git",724
"https://github.com/shanemikel/covid19safeplaces.git",404
"https://github.com/sidkwok/express-training.git",885
"https://github.com/snapper67/hubot.git",131
"https://github.com/spelunkerdb/spelunker.git",31425
"https://github.com/sslivka37/virtual-pets-amok.git",962
"https://github.com/stacklikemind/deepnude_official.git",1236
"https://github.com/staten-island-tech/js-objects-challenge-richardso21.git",106
"https://github.com/strujilloor/universidad-react.git",15195
"https://github.com/sunilmitra/luxekitchen.git",11440
"https://github.com/sunnybarua/node-mongo.git",649
"https://github.com/svogk/goit-js-hw-11-timer.git",71
"https://github.com/tencent/objectdetection-onestagedet.git",27754
"https://github.com/therainingmonkey/openbox-configs.git",0
"https://github.com/thesnickersbar/tower-seige-2.git",100685
"https://github.com/tregelacio/pythonprojects.git",367
"https://github.com/trentnsmith/william-setstatespear-thinkful.git",15396
"https://github.com/trijdia/my-first-blog.git",287
"https://github.com/tsechrist/aireinforcementlearning.git",12760
"https://github.com/ugendarkyatham/oshop.git",9919
"https://github.com/vicscott/django.git",1602
"https://github.com/viewfinderco/viewfinder.git",350529
"https://github.com/violetach/coursera-module4.git",47
"https://github.com/vnekhay/ls.git",3852
"https://github.com/wdev007/modulo01-conceitos-nodejs.git",475
"https://github.com/wepe/o2o-coupon-usage-forecast.git",4107
"https://github.com/wh0ale/src-experience.git",815
"https://github.com/winfrid61/simple-todos.git",962
"https://github.com/xuluchen/todo.git",473
"https://github.com/yangjiandong/filmaster.git",198287
"https://github.com/yaty/todolist-archi.git",5129
"https://github.com/yosefda/tekmo.git",6717
"https://github.com/younameit01/hyf-homework-nodejs-3.git",83
"https://github.com/yulongkelly/academic-anonymous.git",15777
"https://github.com/zatorck/przyklady-vue-kurs.git",64984
"https://github.com/zck119/3dgan-release.git",544
"https://github.com/zemuncity/merge-conflicts-suck.git",1
"https://github.com/zhuinfo/django-erp.git",8938
"https://github.com/zictcian/angularcs.git",198931
"https://github.com/evergreen-ci/evergreen.git",13981055
"https://github.com/30-seconds/30-seconds-of-code.git",1
"https://github.com/4geeksacademy/react-tutorial-exercises.git",829
"https://github.com/6gawd/whatsfordinner3.git",16970
"https://github.com/78/ssbc.git",965
"https://github.com/a-wing/webrtc-book-cn.git",10506
"https://github.com/achrou/goindex-theme-acrou.git",16437
"https://github.com/kotatu0047/webpack-test.git",9866
"https://github.com/acornapps/cocktail-manual.git",15397
"https://github.com/adarkazanli96/irated.git",15909
"https://github.com/adityadalal4/coursera.github.io.git",5485
"https://github.com/adrianhajdin/project_corona_tracker.git",15738
"https://github.com/afenichel/engi4800-capstone.git",48139
"https://github.com/affinelayer/pix2pix-tensorflow.git",15979
"https://github.com/ahmedadelfahim/pull-demo.git",16056
"https://github.com/hap-wi/roxy-wi.git",72500
"https://github.com/airbnb/infinity.git",2965
"https://github.com/ajerni/gatsby.git",22147
"https://github.com/akretion/odooapps.git",255367
"https://github.com/akshay23sept/akshay23sept.github.io.git",114620
"https://github.com/alephdata/aleph.git",42967
"https://github.com/alexeykorkoza/credit-site-server.git",8696
"https://github.com/alexfoxy/lax.js.git",3064
"https://github.com/alexhsu1987/ev-moban.git",27573
"https://github.com/alexkim205/g-desktop-suite.git",952
"https://github.com/alexmojaki/birdseye.git",152712
"https://github.com/alexolary/01-first-project.git",21721
"https://github.com/alfredjmg/node_js_rates_telegram_bot.git",1643
"https://github.com/alidlorenzo/rogue.js.git",1276
"https://github.com/allendcooper/butterfly.git",23311
"https://github.com/amar-ronaldo/macro_program.git",76886
"https://github.com/amaralc/hipeerlab-platform-fe.git",34061
"https://github.com/amplitude/redux-query.git",6247
"https://github.com/amruthpillai/reactive-resume.git",82842
"https://github.com/anandsimmy/crown-clothing.git",19645
"https://github.com/andersonalmeida/desig-system-ta.git",27167
"https://github.com/andi991/uas-pemweb-gabung.git",462400
"https://github.com/andr3whur5t/react-native-keyboard-spacer.git",148
"https://github.com/andreassolberg/jso.git",9748
"https://github.com/andrey-pryadko/frontend-project-lvl2.git",9120
"https://github.com/postalsys/emailengine.git",23480
"https://github.com/andy021/seniorproject.git",19212
"https://github.com/andyedinborough/stress-css.git",604
"https://github.com/angular-redux/ng-redux.git",5678
"https://github.com/aniket1298/blog_django.git",59404
"https://github.com/ankhone/arc-dao-stack.git",15710
"https://github.com/anypoint-web-components/anypoint-dropdown-menu.git",10414
"https://github.com/apachecn/apachecn-algo-zh.git",671
"https://github.com/apple/password-manager-resources.git",2923
"https://github.com/applepance/codeforlearning.git",321781
"https://github.com/ar-js-org/ar.js.git",183028
"https://github.com/arschles/go-in-5-minutes.git",3089708
"https://github.com/artilleryio/artillery.git",420448
"https://github.com/arturaralin/node-susanin.git",5162
"https://github.com/arturrusak/mothrer-app.git",18404
"https://github.com/arytonex/glasscord.git",1311
"https://github.com/asd-xiv/m.git",62107
"https://github.com/asrikumar2002/microsoft-devops-projects.git",1078342
"https://github.com/atmonopoly51299/mattermost-sourcecode-edited.git",138298
"https://github.com/atom-community/atom-script.git",5599
"https://github.com/atom-community/sync-settings.git",23999
"https://github.com/atom/atom.git",213497
"https://github.com/atom/autocomplete-plus.git",9715
"https://github.com/atom/markdown-preview.git",4478
"https://github.com/atomic-orange/gatsby-starter-blog.git",19145
"https://github.com/atomiks/tippyjs-react.git",2171
"https://github.com/auliakbarh/hazardreporting.git",10705
"https://github.com/awslabs/serverless-image-handler.git",9431
"https://github.com/axios/axios.git",10325
"https://github.com/ayushkr/clinicplusdsc.git",1050951
"https://github.com/azax25547/fcc-api-microservice.git",1272
"https://github.com/babel/example-node-server.git",5101
"https://github.com/babychh/altas.git",43635
"https://github.com/basir/node-react-ecommerce.git",3109
"https://github.com/beautifulinteractions/beautiful-react-diagrams.git",3050
"https://github.com/benlansdell/compneurointro.git",230997
"https://github.com/bigskysoftware/htmx.git",1881110
"https://github.com/bilibili-helper/bilibili-helper-o.git",119174
"https://github.com/binhle87/loopback3-core.git",32331
"https://github.com/bioplatformsaustralia/bpaotu.git",24244
"https://github.com/bloggify/github-calendar.git",463
"https://github.com/brandonlilly/docker-test.git",284
"https://github.com/breathehr/quarterly_meeting.git",23508
"https://github.com/bridge-school/bridge-applications-8-frontend.git",15168
"https://github.com/bridgetklingler/jcp_payroll.git",10036
"https://github.com/britecharts/britecharts.git",61974
"https://github.com/broofa/mime.git",4588
"https://github.com/brown-university-library/disa_dj_project.git",264199
"https://github.com/bryan2893/front-jehova-jireth-manager.git",13907
"https://github.com/buckinghamshire-digital-service/hr-service-desk-alpha.git",34087
"https://github.com/burdirc/burd-archive.git",8705
"https://github.com/byroncoder/graphql_adafruitio_data.git",24842
"https://github.com/camismacho/programs.git",639107
"https://github.com/capnmidnight/calla.git",156561
"https://github.com/carbon-app/carbon.git",12931
"https://github.com/carmensantoro/pomodo.git",15063
"https://github.com/caro-classroom/h5p-extended-accessibility-formats.git",74093
"https://github.com/ccanning2/multi-docker.git",125
"https://github.com/cdking007/chirags-blog.git",19145
"https://github.com/centipede5/bluetooh-developer-app.git",41499
"https://github.com/cesiumgs/cesium.git",966007
"https://github.com/cesiumgs/obj2gltf.git",5680
"https://github.com/chakra-core/chakracore.git",2739674
"https://github.com/chakra-ui/chakra-ui-vue.git",27321
"https://github.com/changemakerstudios/papercut-smtp.git",49474
"https://github.com/chinhphan099/blogspot.git",23340
"https://github.com/chinwailun/talkabout.git",4855
"https://github.com/chrisfenton1/travellingsalesman.git",17315
"https://github.com/christocarr/sibi-activity-search-v3.git",41331
"https://github.com/chriszhangusc/soundnode-redux.git",6585
"https://github.com/chunisama/identifying-music-genres.git",23324
"https://github.com/ciaochaos/qrbtf.git",21804
"https://github.com/cityscope/cs_cityscopejs.git",48326
"https://github.com/clarencetee/myreads.git",3328651
"https://github.com/clemsonchoirs/website.git",55651
"https://github.com/cllane/hotel.git",10455
"https://github.com/codeceptjs/codeceptjs.git",50912
"https://github.com/coffe1891/frontend-hard-mode-interview.git",65
"https://github.com/cohort5-game-final-project/game.git",759116
"https://github.com/colemars/devcontra-client.git",13565
"https://github.com/colesnyder/colesnyder.github.io.git",30866
"https://github.com/connormulqueen/mechanical-squirrel.git",10551
"https://github.com/copperfield013/deprecated_datacenter.git",165037
"https://github.com/corbifex/lisk-roulette.git",18434
"https://github.com/corderogerardo/app-ionic-ios.git",206952
"https://github.com/courajs/recurse-graph-wiki.git",9196
"https://github.com/covid19india/covid19india-react.git",243241
"https://github.com/cruglobal/react-conf-registration-web.git",8909
"https://github.com/cruisebrantley/skynet.git",23112
"https://github.com/cs17b011/mindsprint.git",17883
"https://github.com/cteamx/thief.git",2887
"https://github.com/cuckoosandbox/cuckoo.git",209473
"https://github.com/cuong1997565/tuanvu9955-gmail.com.git",627970
"https://github.com/dan2d/web-dev-portfolio.git",13993
"https://github.com/danfyfe/donde_front_end.git",17875
"https://github.com/danilosalvador/rocketseat-bootcamp-gostack-11-level-01-class-backend.git",144
"https://github.com/dannybarker/hair-shop-cap.git",16717
"https://github.com/daovanphi25051994/case_study_order_manage.git",504
"https://github.com/datopian/datapipes.git",6759
"https://github.com/daureg/fullstackopen-exercises.git",1675
"https://github.com/dazzed/crypto_basket_fe.git",18439
"https://github.com/db-tax-wealth/mainsite.git",24162
"https://github.com/dc-js/dc.js.git",55578
"https://github.com/defunkt/facebox.git",815
"https://github.com/dermyhughes/gatsby-ghost-blog.git",28404
"https://github.com/desmondtoyus/gatsby-contentful-starter.git",2651
"https://github.com/developit/redaxios.git",19261
"https://github.com/developit/web-worker.git",376
"https://github.com/devgateway/amp-offline.git",56022
"https://github.com/dictadata/storage-etl.git",10571
"https://github.com/dillonzq/loveit.git",25007
"https://github.com/disease-sh/api.git",28084
"https://github.com/distillpub/post--grand-tour.git",203346
"https://github.com/diyhue/diyhue.git",68698
"https://github.com/dmeedev/builderbookclone.git",35005
"https://github.com/dmgaspar/weatherpockmontest.git",67834
"https://github.com/domenic/chai-as-promised.git",3474
"https://github.com/domenic/sinon-chai.git",5583
"https://github.com/domestos002/vacation-schedule.git",10185
"https://github.com/donggyushin/rlog-client.git",876
"https://github.com/dsl-toolkit/dsl-toolkit.git",7021
"https://github.com/dudeofprosper/sonos.git",102308
"https://github.com/duffwang/magicmirror.git",23989
"https://github.com/dylanagibb/portfolio-site.git",20448
"https://github.com/dylanburkey/dylans-cms.git",25082
"https://github.com/dynamoose/dynamoose.git",41968
"https://github.com/earthengineering/earthweb.git",17362
"https://github.com/ebeneshmarticlues/full-stack-web-development.git",5822
"https://github.com/eckspecks/trust.git",6754
"https://github.com/ecomplus/app-tiny.git",9693
"https://github.com/edsu/anon.git",558
"https://github.com/elasticsearch-dump/elasticsearch-dump.git",5436
"https://github.com/electerious/ackee.git",15023
"https://github.com/electron/asar.git",1139
"https://github.com/eleerogers/campsiter.git",20646
"https://github.com/emaestre/portfolio.git",17857
"https://github.com/emanalzariey/2nd-project-udacity.git",10927
"https://github.com/scrapingboot/jspider.git",45343
"https://github.com/entwicklerstube/babel-plugin-root-import.git",979
"https://github.com/enzymejs/enzyme.git",11716
"https://github.com/ephalys/recipe-app.git",13853
"https://github.com/erik-krogh/sudoslider.git",17371
"https://github.com/ernestognw/ethereum_signature.git",207
"https://github.com/ethang19/jpfp-redo.git",12232
"https://github.com/ethereum/remix-live-beta.git",313582
"https://github.com/expressjs/express.git",20761
"https://github.com/skystash/shard-docs.git",41773
"https://github.com/facebook/create-react-app.git",102893
"https://github.com/facebook/fbt.git",90877
"https://github.com/facebook/react-native.git",594812
"https://github.com/facebook/react.git",429216
"https://github.com/facebookarchive/emitter.git",9948
"https://github.com/facebookexperimental/recoil.git",33472
"https://github.com/fb-chatreader/backend.git",10875
"https://github.com/federicaspinelli/3dhop-evt2.git",46592
"https://github.com/feisty-flintstones/playground.git",16485
"https://github.com/felixge/node-ar-drone.git",5337
"https://github.com/firebase/codelab-friendlychat-web.git",11042
"https://github.com/flask-debugtoolbar/flask-debugtoolbar.git",22874
"https://github.com/flyingcoder/sir-winx.git",9102
"https://github.com/foliojs/pdfkit.git",230238
"https://github.com/for-get/http-decision-diagram.git",41951
"https://github.com/fossasia/pslab-desktop.git",92946
"https://github.com/franmaster/retomagneto.git",127480
"https://github.com/fredsantos101/biggeo.git",1870651
"https://github.com/freecodecamp/freecodecamp.git",215891
"https://github.com/frodofarhani/react-starter-kit.git",4348
"https://github.com/fsa-team-8/fetch.git",16912
"https://github.com/ftllove/react-blog.git",13025
"https://github.com/fuadguluzade/forum-app-project2.git",18731
"https://github.com/fullstorydev/grpcui.git",10634
"https://github.com/fynyky/reactor.js.git",2448
"https://github.com/gabbloquet/arbre-de-lespoir.git",22325
"https://github.com/galaxicdrones/friendslauncher.git",13993
"https://github.com/gangslee/momentum_clone_js.git",233
"https://github.com/gawesomebot/bot.git",58380
"https://github.com/geoip-lite/node-geoip.git",1655
"https://github.com/geonode/geonode.git",556990
"https://github.com/fregante/ghosttext.git",32995
"https://github.com/gitana/alpaca.git",92268
"https://github.com/gka/chroma.js.git",28162
"https://github.com/googlearchive/code-prettify.git",19108
"https://github.com/googlechrome/web-vitals.git",19882
"https://github.com/googlechromelabs/carlo.git",4046
"https://github.com/grace-chopper/grace-chopper.git",14718
"https://github.com/gre/diaporama.git",3137
"https://github.com/greaspace-beijing/fabric-samples.git",47611
"https://github.com/gt4w-consultoria/vue-form-generator-gt4w.git",27977
"https://github.com/guo-yu/douban.fm.git",2247
"https://github.com/guptabhavana08/headstocks.git",38269
"https://github.com/gustavoernandes/gatsby-starter-netlify-cms.git",2008
"https://github.com/hakimel/reveal.js.git",32125
"https://github.com/hanafiantho/fe_cermati.git",12949
"https://github.com/handlebars-lang/handlebars.js.git",28506
"https://github.com/harrychang30/nodeciudemy.git",10850
"https://github.com/hdoshi2/money-mapper.git",14045
"https://github.com/heather-fin/divergent-prototype.git",18276
"https://github.com/hellocstar/connet.git",254959
"https://github.com/hellozeronet/zeronet.git",103295
"https://github.com/hemsinghlearninginfo/hps-1.0.0.git",27903
"https://github.com/hengxiaoqu/jeesite.git",498563
"https://github.com/henriqueok20/galenapp.git",5490
"https://github.com/herry-k/jitsi-meet-in.git",197993
"https://github.com/hoangle4/trans4mationnow.git",22366
"https://github.com/hr-koala/tic-tac-toe.git",13344
"https://github.com/hsellik/in4331-web-data-management.git",14724
"https://github.com/hubotio/hubot.git",5530
"https://github.com/hypercore-protocol/hypercore.git",8685
"https://github.com/hypercore-protocol/hyperdrive.git",7188
"https://github.com/hyperledger-archives/composer.git",221484
"https://github.com/i3bar/core.git",6618
"https://github.com/icoretech/spesabot-client.git",7511
"https://github.com/iddoeldor/frida-snippets.git",2516
"https://github.com/igorth/back-end-be-the-hero.git",7344
"https://github.com/inab/openebench_scientific_visualizer.git",7225
"https://github.com/ines/termynal.git",353
"https://github.com/ipfs-inactive/js-ipfs-http-client.git",31696
"https://github.com/ivnosing/tic-tac-toe.git",387
"https://github.com/izuharaaa/gatsby-starter-blog.git",20821
"https://github.com/j-poulter/whats-new.git",14509
"https://github.com/jaames/iro.js.git",8689
"https://github.com/jacekv/bip39.git",5552
"https://github.com/jaesukhwang/patstagram.git",19497
"https://github.com/jasonfleming1/princessclicker.git",13167
"https://github.com/jasonmayes/real-time-person-removal.git",562
"https://github.com/jaxonion/noteful-server.git",3043
"https://github.com/jdej/uop-backend.git",7274
"https://github.com/jeremiahjstanley/pet-shelter-api.git",2965
"https://github.com/jeremiahtenbrink/portfolio-jerga.git",13888
"https://github.com/jeremyckahn/shifty.git",28927
"https://github.com/jfcon/food-pickup-app.git",16793
"https://github.com/jhipster/generator-jhipster.git",148647
"https://github.com/jhnns/rewire.git",3481
"https://github.com/jicaiming/qixiang.git",17644
"https://github.com/jimmymac387/release-based-workflow.git",774
"https://github.com/jitsi/jitsi-meet-electron.git",21663
"https://github.com/jlbyrne/alamo_challenge.git",11972
"https://github.com/jlongster/electron-with-server-example.git",384
"https://github.com/jlwalkerlg/bookable.git",16606
"https://github.com/jly8866/archer.git",56284
"https://github.com/jo-tbhac/reach.git",17174
"https://github.com/joaokurtz/v1.0.git",29093
"https://github.com/joefitzgerald/go-plus.git",15874
"https://github.com/jonathan-meyer/regular-expert.git",17203
"https://github.com/jordansinger/hook.git",77
"https://github.com/jordantai/be-nc-news.git",16073
"https://github.com/jorisnijkamp1/apprend.git",23550
"https://github.com/josh-cook/challenge-generator.git",14224
"https://github.com/joshtom/contact-list-app.git",15487
"https://github.com/joshwcomeau/use-sound.git",1027
"https://github.com/jpinedev/tilemap-maker.git",13248
"https://github.com/jquery/jquery.git",52636
"https://github.com/jschwantz/frozen-island.git",12353
"https://github.com/jsfiddle/togetherjs.git",63386
"https://github.com/jsh612/test_hook2.git",284
"https://github.com/jsx-eslint/eslint-plugin-jsx-a11y.git",12891
"https://github.com/julia-catalano/stoop.git",13129
"https://github.com/junaid33/opensource.builders.git",52748
"https://github.com/justadamhopkins/notelifymyself.git",28464
"https://github.com/jwngr/sdow.git",23823
"https://github.com/jyon124/scrapbook_frontend.git",89192
"https://github.com/k0kubun/nocturn.git",3083
"https://github.com/karan-monga/baysbook.git",30906
"https://github.com/karanchahal/doodlemaster.git",11981
"https://github.com/karlfunhouse/overlook.git",41039
"https://github.com/karlhadwen/netflix.git",3789
"https://github.com/karma-runner/karma-coverage.git",16936
"https://github.com/kcummings1/fit-conditions.git",20510
"https://github.com/kernsjn/tv-guide.git",110
"https://github.com/kevinlosada/cen4010-group17.git",27582
"https://github.com/khairmuhammad-ybh/nspayslipmanager.git",16063
"https://github.com/khanhnqps10920/simple-todo-app.git",13179
"https://github.com/kickscondor/fraidycat.git",4787
"https://github.com/kimchi-project/kimchi.git",89348
"https://github.com/kiriti999/techstack21.git",21278
"https://github.com/kmfe/threejs-tutorial.git",141087
"https://github.com/koresamuel/daily-algorithms.git",9111
"https://github.com/krishnajha25/tourist.git",94205
"https://github.com/kumajogo/1-4_presents.git",23510
"https://github.com/kunal-kp/travis-ci-test.git",14887
"https://github.com/kureev/react-native-side-menu.git",872
"https://github.com/kvinchon/wsf-react.git",14911
"https://github.com/kyleamathews/typography.js.git",34984
"https://github.com/l20n/l20n.js.git",2550
"https://github.com/labs13-sauti-studio/sauti-studio-fe-v2.git",17979
"https://github.com/labs13-sauti-studio/sauti-studio-fe.git",15130
"https://github.com/lambda-school-labs/buddy-app-be.git",8153
"https://github.com/lampardm/noodles-admin.git",1836
"https://github.com/lancehamilton24/bewell-in-school.git",17203
"https://github.com/lanistor/react-keeper.git",22351
"https://github.com/lanqiaoqaq/cloudmusic.git",22422
"https://github.com/larserikfinholt/gatsby-starter-netlify-cms.git",24389
"https://github.com/laserbeam2045/avalon.git",16203
"https://github.com/lbryio/lbry-desktop.git",67185
"https://github.com/learn-co-students/fewpjs-event-listening-den01-seng-ft-051120.git",2069
"https://github.com/learn-co-students/fewpjs-sending-data-with-fetch-re-coded_istanbul_web003.git",4154
"https://github.com/learn-co-students/hogwarts-london-web-career-042219.git",13260
"https://github.com/learn-co-students/js-basics-strings-code-along-atlanta-web-033020.git",369
"https://github.com/learn-co-students/map-dispatch-to-props-lab-onl01-seng-pt-100619.git",36000
"https://github.com/learn-co-students/map-state-to-props-lab-nyc-web-082619.git",34798
"https://github.com/learn-co-students/react-async-fetch-lab-nyc-web-033020.git",159
"https://github.com/learn-co-students/react-component-mounting-and-unmounting-lab-austin-web-012720.git",14958
"https://github.com/learn-co-students/react-component-mounting-and-unmounting-lab-re-coded_sanaa_web001.git",14958
"https://github.com/learn-co-students/react-dynamic-components-lab-seattle-web-career-042219.git",18505
"https://github.com/learn-co-students/react-pokemon-searcher-teacher-onboarding.git",1659
"https://github.com/learn-co-students/react-presentation-components-lab-online-web-pt-090919.git",73396
"https://github.com/learn-co-students/react-presentation-components-lab-seattle-web-082619.git",73396
"https://github.com/leeluolee/puer.git",17891
"https://github.com/lelefs/cronometro.git",16202
"https://github.com/leonelnm/git-expert-app-react.git",364
"https://github.com/levischouten/hackday-math.git",3680
"https://github.com/lippforapec/lipp_original.git",38361
"https://github.com/lizzyhanna/hr_application.git",19873
"https://github.com/localtunnel/localtunnel.git",674
"https://github.com/logandk/serverless-wsgi.git",7285
"https://github.com/lprendergast/tracker-app-front-end-react-native.git",7747
"https://github.com/luisb0992/distribuidoragenesis.git",132611
"https://github.com/lukeed/uvu.git",5206
"https://github.com/lukejacksonn/react-slack-clone.git",840
"https://github.com/lunafidalgo/wesbos-advanced-react-course.git",25924
"https://github.com/luoxue-victor/workflow.git",10146
"https://github.com/lxycreate/coupon-system.git",24240
"https://github.com/macias67/crm-tiendapaq.git",546403
"https://github.com/maecchiato/cffbrkwb.git",13880
"https://github.com/maggoten/jsonservercgivisitkort.git",15741
"https://github.com/magicstack/magicpython.git",24859
"https://github.com/maksim-vi/eco-store.git",21269
"https://github.com/mandatoryprogrammer/cursedchrome.git",36001
"https://github.com/maramahmad93/fitness-gym-website.git",12120
"https://github.com/marcelo8173/project-nodejs-reactjs.git",207856
"https://github.com/mark-myzhao/snickr.git",33657
"https://github.com/martialblot/chatbubble.git",21235
"https://github.com/masiahx/memory-game.git",12991
"https://github.com/masko-vl/sports_shop_fullstack.git",23456
"https://github.com/mathiasbynens/esrever.git",455
"https://github.com/matiase9/burger-menu.git",14851
"https://github.com/matmar10/protractor-cucumber-slices.git",13543
"https://github.com/matscube/react-tutorial-stone-game.git",15262
"https://github.com/matt-esch/virtual-dom.git",7561
"https://github.com/mattpeet/matt-peet-illustration.git",25134
"https://github.com/maxharlow/scrape-whos-who.git",113
"https://github.com/maxogden/cool-ascii-faces.git",327
"https://github.com/mechio/takana.git",3245
"https://github.com/mehrdadzakershahrak/robot-management-application.git",23716
"https://github.com/meixiang474/12.connect.git",243
"https://github.com/meng19910817/learnvuejs.git",2035357
"https://github.com/mermaidjs/mermaid.cli.git",197
"https://github.com/meteor/meteor.git",266501
"https://github.com/mgmxru/app.git",20544
"https://github.com/michaelm1999/personal-investment-tracker.git",38741
"https://github.com/michaelyonkman/reciperoost.git",354587
"https://github.com/mifi/editly.git",3090
"https://github.com/mikebryant/ac-nh-turnip-prices.git",3861
"https://github.com/milosmalesevic90/domaciitbootcamp.git",52641
"https://github.com/mimitch2/advancedreact.git",59253
"https://github.com/mishoo/uglifyjs-old.git",8233
"https://github.com/mitchellfox/preact-netlify.git",662
"https://github.com/miudit/gatsby-starter-netlify-cms.git",52627
"https://github.com/mmahdi2414/covid19-reporter.git",1911
"https://github.com/mmesiti/slurmprio200428.git",24087
"https://github.com/mmintel/gatsby-tina-test.git",1155
"https://github.com/mngyuan/personal-site-2015.git",1348539
"https://github.com/mobily-enterprises/best-webdriver.git",30325
"https://github.com/mohamedtareque/kotoz.git",5076
"https://github.com/monkemedia/trolifystorefrontdemo.git",24950
"https://github.com/monmanuela/rona-v2.git",22802
"https://github.com/monzo/response.git",18433
"https://github.com/morungos/node-word-extractor.git",2581
"https://github.com/mosmaall/todo-web.git",16611
"https://github.com/motokikasai/react-router-location.git",16512
"https://github.com/mrdoob/three.js.git",754761
"https://github.com/mrniktarasov/2019-2-atom-frontend-n-tarasov.git",35774
"https://github.com/mschuster/finanzkompass_prototype.git",19201
"https://github.com/mtobeiyf/keras-flask-deploy-webapp.git",324
"https://github.com/muhammadhammadhanif/example.git",13950
"https://github.com/munishbhagat16/github-actions-continuous-delivery.git",9661
"https://github.com/muvari/jokerprincess.git",17449
"https://github.com/muxik/javascripttetris.git",75901
"https://github.com/muyijiaren/react-ssr.git",7576
"https://github.com/mxmaslin/otus_web.git",227243
"https://github.com/mxriverlynn/backbone.modelbinding.git",7416
"https://github.com/myk1118/run_tracker.git",18434
"https://github.com/mysmile/sfchat.git",8172
"https://github.com/myvin/juejin.git",6517
"https://github.com/nahuelarjonadev/lang-chat.git",9280
"https://github.com/namith-poojary/employee-referral.git",44848
"https://github.com/nativoplatform/nativosdk-reactnative-sampleapp.git",1021
"https://github.com/naveteam/saturn.git",3239
"https://github.com/nccgroup/house.git",5291
"https://github.com/ncss/necsus.git",26303
"https://github.com/neeraliacharya/musicspot.git",1829
"https://github.com/newyork-anthonyng/super-rentals-ember-tutorial.git",16043
"https://github.com/nhutnh95/demo-res.git",38688
"https://github.com/nibble-network/pool.git",13504
"https://github.com/nicollasmatheus/react-native-victory-charts.git",3350
"https://github.com/nikhil-dev13/contact-keeper.git",18674
"https://github.com/nilsborg/react-oz-ui-elements.git",497
"https://github.com/nizarkhsib/first-react-app.git",69505
"https://github.com/nlrx-wjc/react-antd-admin-template.git",18104
"https://github.com/noandasan/smhmessager.git",113470
"https://github.com/node-formidable/formidable.git",5451
"https://github.com/node-pcap/node_pcap.git",9179
"https://github.com/nodejs/citgm.git",6768
"https://github.com/nodejs/node.git",7126909
"https://github.com/noflo/noflo.git",19128
"https://github.com/nrosa01/pillventure.git",4396
"https://github.com/ntkme/github-buttons.git",16185
"https://github.com/nuxt/content.git",6501
"https://github.com/nweniaung/migaku_markup.git",35127
"https://github.com/nylas/nylas-mail.git",61682
"https://github.com/nylas/nylas-nodejs.git",27278
"https://github.com/nzteb/socialpunishment.git",486552
"https://github.com/oauth-io/oauthd.git",40039
"https://github.com/objtube/front-end-roadmap.git",15959
"https://github.com/octo-kumo/kumo-discord-bot.git",8162
"https://github.com/odoo/odoo.git",1106603
"https://github.com/official-codaisseur-graduate/react-auth-server-admin.git",14329
"https://github.com/olejiksa/crossword-creator-web.git",85658
"https://github.com/operate-bsv/op_agent-js.git",58139
"https://github.com/oscarleoo/zmartr.git",5651
"https://github.com/oskarkrawczyk/heyoffline.git",5601
"https://github.com/otepiii/react-to-do-list.git",13393
"https://github.com/overleaf/metrics-module.git",6967
"https://github.com/ox15/ox15.github.io.git",84450
"https://github.com/oxygem/kanmail.git",10117
"https://github.com/pappas999/kingsland-blockchain-advanced-project.git",114992
"https://github.com/papucho/gatsby-starter-netlify-cms.git",22198
"https://github.com/parallels/rq-dashboard.git",9375
"https://github.com/pathakg028/bubblesort-js-ts.git",1421
"https://github.com/patrickjs/angular-starter.git",3720
"https://github.com/patrykmandrak/elpimwebsite.git",15762
"https://github.com/pauloskarsoe/esox-webstore.git",45680
"https://github.com/perbaltzar/looper-trouper.git",2201
"https://github.com/petermichaux/maria.git",16801
"https://github.com/pgomez465/imlachchatt.git",29052
"https://github.com/phantom-blue/phantom-blue.git",19550
"https://github.com/philc/vimium.git",17176
"https://github.com/phobosllc/swagger-ui.git",43015
"https://github.com/picholasnaridon/fcqa.git",10155
"https://github.com/pikselpalette/jirascope.git",10086
"https://github.com/pipedreamhq/pipedream.git",73463
"https://github.com/pizzooid/wohindasleben.git",2008
"https://github.com/planetfederal/qgis-webappbuilder-plugin.git",1500047
"https://github.com/pmscad/notetaker.git",832
"https://github.com/poloclub/cnn-explainer.git",17789
"https://github.com/pomber/covid19.git",687931
"https://github.com/poooi/plugin-battle-detail.git",6083
"https://github.com/poooi/poi.git",23789
"https://github.com/popphylotools/mvmapper.git",22951
"https://github.com/postcss/autoprefixer.git",10536
"https://github.com/potluck-planner-7-29-8-2/frontend.git",16908
"https://github.com/powmedia/backbone-forms.git",57110
"https://github.com/prettier/prettier-eslint.git",1885
"https://github.com/princeadeyeye/teamwork.git",14193
"https://github.com/prizey/prizey-web.git",6612
"https://github.com/processing/p5.js.git",131799
"https://github.com/proepidesenvolvimento/guardioes-web.git",23529
"https://github.com/prograhammer/vue-pizza.git",2007
"https://github.com/project-sharingweb/sharingweb-react.git",16706
"https://github.com/psolom/richfilemanager.git",507948
"https://github.com/qiujun8023/ss-panel-server.git",10901
"https://github.com/quemsah/itmo-labs-1.git",143296
"https://github.com/r-darwish/whats-new-in-python3.git",23829
"https://github.com/rafaasimi/flappy-bird.git",402
"https://github.com/rafaelangelramirez/control-de-produccion-api.git",19760
"https://github.com/rahulnainwal107/parallaxheader.git",9641
"https://github.com/raineorshine/npm-check-updates.git",20500
"https://github.com/rama213/webapp.git",762432
"https://github.com/rastapasta/mapscii.git",11295
"https://github.com/ratt-ru/radiopadre.git",48658
"https://github.com/rawgraphs/rawgraphs-app.git",6743
"https://github.com/rbrtknwls/uofthacks7.git",89737
"https://github.com/rcbyr/keen-slider.git",6237
"https://github.com/react-ui-builder/structor.git",34603
"https://github.com/rebeccaml/practice.git",114426
"https://github.com/redux-utilities/redux-actions.git",2329
"https://github.com/reduxjs/redux-mock-store.git",4649
"https://github.com/reginadiana/certificates-for-everyone-netlify.git",28895
"https://github.com/remoteinterview/zero.git",43081
"https://github.com/renesansz/release-based-workflow.git",774
"https://github.com/riccardoscalco/textures.git",2008
"https://github.com/riddsy/dubdub-sites.git",3521
"https://github.com/rienafairefr/pynynab.git",172920
"https://github.com/rishpan/gatsby-starter-netlify-cms1.git",23895
"https://github.com/rmdegeorge/forum_site.git",17693
"https://github.com/rmit-s3488937-tyler-larrad/sysdevops.git",11692
"https://github.com/robertrantanen/fullstack.git",1089283
"https://github.com/robin8a/blogfinal.git",22252
"https://github.com/rocketchat/rocket.chat.git",601227
"https://github.com/rojasdali/monster-app.git",2356283
"https://github.com/royalrose123/royal_next.js.git",230
"https://github.com/ruby0x1/realtime-multiplayer-in-html5.git",1895
"https://github.com/rx-app/pang-react-router.git",168
"https://github.com/ryanclark/karma-webpack.git",42121
"https://github.com/saadq/resumake.io.git",49325
"https://github.com/saamerm/react-githubpage.git",15582
"https://github.com/sagarkarira/coronavirus-tracker-cli.git",4484
"https://github.com/sainan/universal-bypass.git",16079
"https://github.com/salesforce/cloudsplaining.git",69068
"https://github.com/salesmasters/salesmasters.github.io.git",38855
"https://github.com/seongjooon/blended-codingtest-common.git",4443
"https://github.com/sergeilutsev/javascriptlerning.git",834166
"https://github.com/sethaj/gatsby-example-tutorial.git",17495
"https://github.com/shaaandi/advancednodejs_ci.git",19108
"https://github.com/shaman05/fetool.git",31722
"https://github.com/shanemiller89/codearchive.git",23039
"https://github.com/shashikantfayke/github-actions-continuous-delivery.git",9661
"https://github.com/shaunlebron/parinfer.git",84211
"https://github.com/shawnwang66/pedwayapp.git",37009
"https://github.com/shinygang/vue-cnodejs.git",3537
"https://github.com/simplecrawler/simplecrawler.git",8912
"https://github.com/singhgurdip24/recipe-app-react.git",15865
"https://github.com/skhizerabass/fexmessenger.git",217848
"https://github.com/skishore/makemeahanzi.git",1471
"https://github.com/skkuse02/2019fall_42class_team1.git",19982
"https://github.com/slkrishn/slate.git",13362
"https://github.com/smpledvid/stockmarketnews.git",18573
"https://github.com/smrchy/rsmq.git",4811
"https://github.com/snowpackjs/create-snowpack-app.git",15857
"https://github.com/snowpackjs/snowpack.git",34979
"https://github.com/socketio/engine.io.git",10271
"https://github.com/sockjs/sockjs-node.git",3643
"https://github.com/someshkar/covid19india-cluster.git",9180
"https://github.com/sorellabs/fuck-you.git",168
"https://github.com/sotera/newman.git",266447
"https://github.com/sparcs-kaist/otlplus.git",41285
"https://github.com/speedlazer/speedlazer.git",26080
"https://github.com/spothq/cryptocurrency-icons.git",2556
"https://github.com/sroze/nginfinitescroll.git",790
"https://github.com/ssbc/ssb-server.git",8554
"https://github.com/steelbrain/linter.git",5591
"https://github.com/stereobooster/react-ideal-image.git",1661
"https://github.com/stevenschobert/instafeed.js.git",4649
"https://github.com/stitchfix/pyxley.git",167258
"https://github.com/storiqateam/dashboard.git",10849
"https://github.com/straubcreative/niagara_falls_answers.git",8947
"https://github.com/stubbornella/oocss.git",13780
"https://github.com/subnub/mydrive.git",100805
"https://github.com/sumtype/code-fellows-coursework.git",85723
"https://github.com/sungjaeeom/slate.git",13537
"https://github.com/sunniejs/vue-h5-template.git",14336
"https://github.com/susurrus-llc/langua.git",7629
"https://github.com/sutoiku/formula.js.git",18787
"https://github.com/sycamo/angular-syca.git",54605
"https://github.com/tabatkins/railroad-diagrams.git",5129
"https://github.com/tacoss/mailor.git",9338
"https://github.com/talel12/projet.git",18783
"https://github.com/tannerlinsley/react-query-devtools.git",1433
"https://github.com/tannerlinsley/react-virtual.git",6618
"https://github.com/tediousjs/node-mssql.git",12912
"https://github.com/tencent/kbone.git",50695
"https://github.com/tengbao/vanta.git",12805
"https://github.com/tenusha/student-and-instructor-information-system.git",22955
"https://github.com/thecats100/hook-test.git",15546
"https://github.com/thecodrr/fdir.git",1606
"https://github.com/thefrontside/microstates.git",4712
"https://github.com/themadcreator/seen.git",94839
"https://github.com/thiagopaiva99/node-sandbox.git",1202
"https://github.com/thomazot/biz-beautyshop.git",47273
"https://github.com/thomllobece/nodejs_course_project.git",18037
"https://github.com/thoov/ember-cli-search.git",751
"https://github.com/tiagols/r-app.git",12847
"https://github.com/timbaobjects/birthregistration.git",308627
"https://github.com/timcowlishaw/marco.git",436
"https://github.com/timeakovacs86/thorin-and-company2020.git",39267
"https://github.com/tinath1/reversi.git",3293
"https://github.com/tobspr/shapez.io.git",56737
"https://github.com/tomdionysus/foaas.git",12293
"https://github.com/tomjhinton/tfrps.git",373
"https://github.com/tomwayson/octane-tech-talk.git",23773
"https://github.com/trung2012/techpoint.git",20019
"https://github.com/trunks1993/cst-platform.git",5383
"https://github.com/tschaub/grunt-newer.git",2104
"https://github.com/tshaddix/webext-redux.git",8844
"https://github.com/linagora/twake.git",335855
"https://github.com/txvoz/booking-server.git",41845
"https://github.com/tygs/0bin.git",31744
"https://github.com/uber-archive/npm-shrinkwrap.git",2309
"https://github.com/uber/react-digraph.git",11194
"https://github.com/uki213/sample-app-pwa.git",863
"https://github.com/unclephil/pikbooth.git",18707
"https://github.com/universaldatatool/universal-data-tool.git",20346
"https://github.com/uxpin/adele.git",34957
"https://github.com/vadimdemedes/tailwind-rn.git",536
"https://github.com/valedan/omnireader.git",37772
"https://github.com/vault-development/react-native-svg-uri.git",484
"https://github.com/veliovgroup/meteor-files.git",4484
"https://github.com/vercel/now-desktop.git",7576
"https://github.com/verekia/js-stack-from-scratch.git",38
"https://github.com/verlok/vanilla-lazyload.git",39046
"https://github.com/vertjs/ra16-homeworks.git",359096
"https://github.com/vfasteng/riftsketchedit.git",8959
"https://github.com/vikasrep/book-store.git",17303
"https://github.com/vincelwt/raspberrycast.git",1672
"https://github.com/viniciusgarciasilva/tv-routine-api.git",4998
"https://github.com/vinnyhoward/til.git",11744
"https://github.com/visgl/deck.gl.git",135233
"https://github.com/visionmedia/masteringnode.git",1644
"https://github.com/vkbansal/react-contextmenu.git",2542
"https://github.com/volantis-x/hexo-theme-volantis.git",9946
"https://github.com/wandevs/wandex-front-end.git",12326
"https://github.com/wangbren/web.git",325891
"https://github.com/wangtongmeng/front-end-practice.git",1270450
"https://github.com/wdk-docs/axios-docs.git",9269
"https://github.com/weareoutman/clockpicker.git",18165
"https://github.com/webpack/webpack.git",204343
"https://github.com/welai/glow-sans.git",8583
"https://github.com/wellsn11/be-the-hero.git",18920
"https://github.com/wickynilliams/enquire.js.git",1350
"https://github.com/wikimedia/mediawiki-api-demos.git",21975
"https://github.com/williamrodz/covid-19-puerto_rico.git",1144
"https://github.com/winartoxyz/phpmvc.git",12168
"https://github.com/woocommerce/flexslider.git",59876
"https://github.com/woonglae/udemy_nodejs.git",274900
"https://github.com/wordpress-mobile/wordpress-editor-ios.git",23377
"https://github.com/neiapi/nei-toolkit.git",62591
"https://github.com/xgabe973/project3.git",19449
"https://github.com/xl7dev/burpsuite.git",558109
"https://github.com/xroads/site.git",26254
"https://github.com/xuanloi1408/react-video-recorder.git",27200
"https://github.com/xupingmao/xnote.git",141622
"https://github.com/yangshun/tech-interview-handbook.git",2995
"https://github.com/yemount/pose-animator.git",12705
"https://github.com/yeoman/generator-chrome-extension.git",1204
"https://github.com/yingkaixiang/vue-component-boilerplate.git",24118
"https://github.com/yukitohiroki/newsable.git",13893
"https://github.com/yumiko2695/yumi-s-house.git",11960
"https://github.com/yurtaev/idea-one-dark-theme.git",2450
"https://github.com/zbryikt/plotdb.git",397066
"https://github.com/zdfs/toscani.git",1964
"https://github.com/zgmarijan/gitforteams.git",10403
"https://github.com/zhc1998/demo.git",650577
"https://github.com/ziatahir/node-multiplayer-snake.git",644949
"https://github.com/zlebruh/fetch-her.git",7509
"https://github.com/zmister2016/mrdoc.git",690908
"https://github.com/zone117x/node-open-mining-portal.git",9050
"https://github.com/zorancuc/governance-portal.git",19907
"https://github.com/zsy1988cool/urule.git",2081352
"https://github.com/zyeoman/haveiread.git",578
"https://github.com/laravel/telescope.git",23107
"https://github.com/angrysoft/homedaemon.git",8001
"https://github.com/babybuddy/babybuddy.git",356999
"https://github.com/crowdbotics-apps/life-changer-3736.git",1026
"https://github.com/infobyte/faraday.git",38261
"https://github.com/kstonekuan/ground-zero-backend-demo.git",354
"https://github.com/mozilla/pontoon.git",124358
"https://github.com/dinerojs/dinero.js.git",13216
"https://github.com/graphql-community/koa-graphql.git",19327
"https://github.com/j4dream/cs-table.git",37850
"https://github.com/longc1019i1/angular_practice.git",13950
"https://github.com/nteract/hydrogen.git",15169
"https://github.com/ntrios/gomarket.git",1903
"https://github.com/reduxjs/redux.git",429476
"https://github.com/storybookjs/storybook.git",151724
"https://github.com/typestrong/ts-node.git",18006
"https://github.com/booster-labs/rocket-booster.git",14342
