repo, labels
sfchat.git, 8
react-presentation-components-lab-seattle-web-082619.git, 3
lipp_original.git, 7
odooapps.git, 9
certificates-for-everyone-netlify.git, 7
trolifystorefrontdemo.git, 7
recurse-graph-wiki.git, 7
nativosdk-reactnative-sampleapp.git, 5
bookable.git, 6
birthregistration.git, 10
full-stack-web-development.git, 8
fabric-samples.git, 9
map-dispatch-to-props-lab-onl01-seng-pt-100619.git, 3
react-component-mounting-and-unmounting-lab-austin-web-012720.git, 3
code-fellows-coursework.git, 12
protractor-cucumber-slices.git, 7
radiopadre.git, 5
dylans-cms.git, 8
trust.git, 8
microsoft-devops-projects.git, 20
zmartr.git, 8
jsonservercgivisitkort.git, 7
practice.git, 10
friendslauncher.git, 8
mailor.git, 7
