repo, support, full_support
react-component-mounting-and-unmounting-lab-austin-web-012720.git, 190, 1317
lipp_original.git, 44449, 46830
trust.git, 6549, 9956
practice.git, 14004, 23001
microsoft-devops-projects.git, 88234, 115217
radiopadre.git, 1975, 6317
map-dispatch-to-props-lab-onl01-seng-pt-100619.git, 216, 1083
trolifystorefrontdemo.git, 7749, 13971
fabric-samples.git, 23834, 28264
protractor-cucumber-slices.git, 880, 4512
friendslauncher.git, 27751, 37589
sfchat.git, 13602, 16330
nativosdk-reactnative-sampleapp.git, 1482, 4033
odooapps.git, 12567, 18412
jsonservercgivisitkort.git, 9635, 15607
full-stack-web-development.git, 8580, 14833
react-presentation-components-lab-seattle-web-082619.git, 172, 908
code-fellows-coursework.git, 85774, 106732
birthregistration.git, 100003, 113021
bookable.git, 739, 3345
certificates-for-everyone-netlify.git, 5673, 9703
mailor.git, 5585, 10673
recurse-graph-wiki.git, 5684, 11832
zmartr.git, 18545, 28906
dylans-cms.git, 6032, 12846
